"time", "road.time", "road.height", "quarterCarModel.chassis.s", "quarterCarModel.chassis.v", "quarterCarModel.springDamper_chassis.s_rel", "quarterCarModel.springDamper_chassis.v_rel", "quarterCarModel.der(chassis.s)", "quarterCarModel.der(chassis.v)", "quarterCarModel.der(springDamper_chassis.s_rel)", "quarterCarModel.der(springDamper_chassis.v_rel)", "quarterCarModel.der(der(springDamper_chassis.flange_b.s))", "quarterCarModel.der(der(wheel.flange_b.s))", "quarterCarModel.der(springDamper_chassis.flange_b.s)", "quarterCarModel.der(wheel.flange_b.s)", "quarterCarModel.der(wheel.s)", "quarterCarModel.der(wheel.v)", "quarterCarModel.chassis.a", "quarterCarModel.chassis.flange_b.f", "quarterCarModel.chassis.flange_b.s", "quarterCarModel.ground.s", "quarterCarModel.ground.s_support", "quarterCarModel.road", "quarterCarModel.springDamper_chassis.f", "quarterCarModel.springDamper_chassis.f_c", "quarterCarModel.springDamper_chassis.f_d", "quarterCarModel.springDamper_chassis.flange_b.s", "quarterCarModel.springDamper_chassis.lossPower", "quarterCarModel.spring_wheel.f", "quarterCarModel.spring_wheel.flange_b.s", "quarterCarModel.spring_wheel.s_rel", "quarterCarModel.wheel.a", "quarterCarModel.wheel.flange_b.s", "quarterCarModel.wheel.s", "quarterCarModel.wheel.v", "quarterCarModel.ground.u[2]", "quarterCarModel.ground.u[3]", "quarterCarModel.zero.k", "quarterCarModel.zero.y", "quarterCarModel.chassis.flange_a.f", "quarterCarModel.chassis.flange_a.s", "quarterCarModel.ground.flange.f", "quarterCarModel.ground.flange.s", "quarterCarModel.ground.u[1]", "quarterCarModel.springDamper_chassis.flange_a.f", "quarterCarModel.springDamper_chassis.flange_a.s", "quarterCarModel.springDamper_chassis.flange_b.f", "quarterCarModel.spring_wheel.flange_a.f", "quarterCarModel.spring_wheel.flange_a.s", "quarterCarModel.spring_wheel.flange_b.f", "quarterCarModel.wheel.flange_a.f", "quarterCarModel.wheel.flange_a.s", "quarterCarModel.wheel.flange_b.f", "quarterCarModel.chassis.stateSelect", "quarterCarModel.springDamper_chassis.stateSelect", "quarterCarModel.wheel.stateSelect", "quarterCarModel.ground.useSupport", "quarterCarModel.springDamper_chassis.useHeatPort"
0, 0, 0, 0, 0, -0.225, 0, 0, 8.4375, 0, -750.9375, 8.4375, 759.375, 0, 0, 0, 759.375, 8.4375, 0, 0, 0, 0, 0, -3375, -3375, 0, 0, 0, -33750, -0.225, -0.225, 759.375, 0.225, 0, 0, 1, 1, 1, 1, 3375, 0, -33750, 0, 0, 3375, 0.225, -3375, 33750, 0, -33750, 33750, -0.225, -3375, 3, 4, 3, 0, 0
0.1, 0.1, 0, 0.104963713877, 1.50303791756, -0.270418064652, 1.43170807337, 1.50303791756, 6.56140724104, 1.43170807337, -207.642850862, 6.56140724104, 214.204258103, 1.50303791756, 0.0713298441907, 0.0713298441907, 214.204258103, 6.56140724104, 0, 0.104963713877, 0, 0, 0, -2624.56289641, -4056.27096979, 1431.70807337, 0.104963713877, 2049.78800735, -11192.7332206, -0.0746182214703, -0.0746182214703, 214.204258103, 0.37538177853, 0.15038177853, 0.0713298441907, 1, 1, 1, 1, 2624.56289641, 0.104963713877, -11192.7332206, 0, 0, 2624.56289641, 0.37538177853, -2624.56289641, 11192.7332206, 0, -11192.7332206, 11192.7332206, -0.0746182214703, -2624.56289641, 3, 4, 3, 0, 0
0.2, 0.2, 0, 0.296532639764, 2.06494533553, -0.136668539156, 1.92692065079, 2.06494533553, 0.307768591385, 1.92692065079, -59.6101245422, 0.307768591385, 59.9178931336, 2.06494533553, 0.138024684737, 0.138024684737, 59.9178931336, 0.307768591385, 0, 0.296532639764, 0, 0, 0, -123.107436554, -2050.02808735, 1926.92065079, 0.296532639764, 3713.02319445, -2519.8231619, -0.0167988210793, -0.0167988210793, 59.9178931336, 0.433201178921, 0.208201178921, 0.138024684737, 1, 1, 1, 1, 123.107436554, 0.296532639764, -2519.8231619, 0, 0, 123.107436554, 0.433201178921, -123.107436554, 2519.8231619, 0, -2519.8231619, 2519.8231619, -0.0167988210793, -123.107436554, 3, 4, 3, 0, 0
0.3, 0.3, 0, 0.499053978467, 1.83977039751, 0.0380604946705, 1.72429471601, 1.83977039751, -5.73800534016, 1.72429471601, -21.892494505, -5.73800534016, 16.1544891648, 1.83977039751, 0.115475681501, 0.115475681501, 16.1544891648, -5.73800534016, 0, 0.499053978467, 0, 0, 0, 2295.20213606, 570.907420057, 1724.29471601, 0.499053978467, 2973.19226765, 1649.02256947, 0.0109934837965, 0.0109934837965, 16.1544891648, 0.460993483796, 0.235993483796, 0.115475681501, 1, 1, 1, 1, -2295.20213606, 0.499053978467, 1649.02256947, 0, 0, -2295.20213606, 0.460993483796, 2295.20213606, -1649.02256947, 0, 1649.02256947, -1649.02256947, 0.0109934837965, 2295.20213606, 3, 4, 3, 0, 0
0.4, 0.4, 0, 0.648773975182, 1.08457664015, 0.175300510808, 1.04434148257, 1.08457664015, -9.18462286172, 1.04434148257, -13.0053600772, -9.18462286172, 3.82073721551, 1.08457664015, 0.040235157582, 0.040235157582, 3.82073721551, -9.18462286172, 0, 0.648773975182, 0, 0, 0, 3673.84914469, 2629.50766212, 1044.34148257, 0.648773975182, 1090.64913221, 3521.01965607, 0.0234734643738, 0.0234734643738, 3.82073721551, 0.473473464374, 0.248473464374, 0.040235157582, 1, 1, 1, 1, -3673.84914469, 0.648773975182, 3521.01965607, 0, 0, -3673.84914469, 0.473473464374, 3673.84914469, -3521.01965607, 0, 3521.01965607, -3521.01965607, 0.0234734643738, 3673.84914469, 3, 4, 3, 0, 0
0.5, 0.5, 0, 0.710203562888, 0.138976048565, 0.235584779086, 0.181570167298, 0.138976048565, -9.28835463398, 0.181570167298, -9.85146171854, -9.28835463398, 0.563107084562, 0.138976048565, -0.0425941187337, -0.0425941187337, 0.563107084562, -9.28835463398, 0, 0.710203562888, 0, 0, 0, 3715.34185359, 3533.77168629, 181.570167298, 0.710203562888, 32.9677256527, 3692.81757021, 0.0246187838014, 0.0246187838014, 0.563107084562, 0.474618783801, 0.249618783801, -0.0425941187337, 1, 1, 1, 1, -3715.34185359, 0.710203562888, 3692.81757021, 0, 0, -3715.34185359, 0.474618783801, 3715.34185359, -3692.81757021, 0, 3692.81757021, -3692.81757021, 0.0246187838014, 3715.34185359, 3, 4, 3, 0, 0
0.6, 0.6, 0, 0.681336798191, -0.67188795975, 0.213762380068, -0.571297587078, -0.67188795975, -6.58784528487, -0.571297587078, -6.56223017313, -6.58784528487, -0.0256151117455, -0.67188795975, -0.100590372672, -0.100590372672, -0.0256151117455, -6.58784528487, 0, 0.681336798191, 0, 0, 0, 2635.13811395, 3206.43570103, -571.297587078, 0.681336798191, 326.380933001, 2636.16271842, 0.0175744181228, 0.0175744181228, -0.0256151117455, 0.467574418123, 0.242574418123, -0.100590372672, 1, 1, 1, 1, -2635.13811395, 0.681336798191, 2636.16271842, 0, 0, -2635.13811395, 0.467574418123, 2635.13811395, -2636.16271842, 0, 2636.16271842, -2636.16271842, 0.0175744181228, 2635.13811395, 3, 4, 3, 0, 0
0.7, 0.7, 0, 0.587896527378, -1.1271141407, 0.131504784005, -1.00859405552, -1.1271141407, -2.40994426136, -1.00859405552, -2.54034922371, -2.40994426136, 0.130404962353, -1.1271141407, -0.118520085172, -0.118520085172, 0.130404962353, -2.40994426136, 0, 0.587896527378, 0, 0, 0, 963.977704545, 1972.57176007, -1008.59405552, 0.587896527378, 1017.26196884, 958.761506051, 0.00639174337367, 0.00639174337367, 0.130404962353, 0.456391743374, 0.231391743374, -0.118520085172, 1, 1, 1, 1, -963.977704545, 0.587896527378, 958.761506051, 0, 0, -963.977704545, 0.456391743374, 963.977704545, -958.761506051, 0, 958.761506051, -958.761506051, 0.00639174337367, 963.977704545, 3, 4, 3, 0, 0
0.8, 0.8, 0, 0.470313127168, -1.15563637614, 0.0249737021288, -1.05799402697, -1.15563637614, 1.70847123761, -1.05799402697, 1.31602750934, 1.70847123761, 0.39244372827, -1.15563637614, -0.0976423491693, -0.0976423491693, 0.39244372827, 1.70847123761, 0, 0.470313127168, 0, 0, 0, -683.388495043, 374.605531932, -1057.99402697, 0.470313127168, 1119.35136111, -699.086244174, -0.00466057496116, -0.00466057496116, 0.39244372827, 0.445339425039, 0.220339425039, -0.0976423491693, 1, 1, 1, 1, 683.388495043, 0.470313127168, -699.086244174, 0, 0, 683.388495043, 0.445339425039, -683.388495043, 699.086244174, 0, -699.086244174, 699.086244174, -0.00466057496116, -683.388495043, 3, 4, 3, 0, 0
0.9, 0.9, 0, 0.36871539125, -0.829076710196, -0.0690511412598, -0.777785446709, -0.829076710196, 4.53388141401, -0.777785446709, 3.99719246548, 4.53388141401, 0.536688948533, -0.829076710196, -0.051291263487, -0.051291263487, 0.536688948533, 4.53388141401, 0, 0.36871539125, 0, 0, 0, -1813.55256561, -1035.7671189, -777.785446709, 0.36871539125, 604.950201112, -1835.02012355, -0.0122334674903, -0.0122334674903, 0.536688948533, 0.43776653251, 0.21276653251, -0.051291263487, 1, 1, 1, 1, 1813.55256561, 0.36871539125, -1835.02012355, 0, 0, 1813.55256561, 0.43776653251, -1813.55256561, 1835.02012355, 0, -1835.02012355, 1835.02012355, -0.0122334674903, -1813.55256561, 3, 4, 3, 0, 0
1, 1, 0, 0.310841347683, -0.313082843636, -0.124477042486, -0.314897549647, -0.313082843636, 5.45513296734, -0.314897549647, 4.95042577639, 5.45513296734, 0.504707190957, -0.313082843636, 0.00181470601112, 0.00181470601112, 0.504707190957, 5.45513296734, 0, 0.310841347683, 0, 0, 0, -2182.05318694, -1867.15563729, -314.897549647, 0.310841347683, 99.1604667735, -2202.24147458, -0.0146816098305, -0.0146816098305, 0.504707190957, 0.435318390169, 0.210318390169, 0.00181470601112, 1, 1, 1, 1, 2182.05318694, 0.310841347683, -2202.24147458, 0, 0, 2182.05318694, 0.435318390169, -2182.05318694, 2202.24147458, 0, -2202.24147458, 2202.24147458, -0.0146816098305, -2182.05318694, 3, 4, 3, 0, 0
1.1, 1.1, 0.1, 0.30597564731, 0.20053380579, -0.131797765367, 0.156176253053, 0.20053380579, 4.55197556862, 0.156176253053, -370.777971207, 4.55197556862, 375.329946776, 0.20053380579, 0.0443575527374, 0.0443575527374, 375.329946776, 4.55197556862, 0, 0.30597564731, 0.1, 0, 0.1, -1820.79022745, -1976.9664805, 156.176253053, 0.30597564731, 24.3910220175, -16833.9880985, -0.0122265873233, -0.112226587323, 375.329946776, 0.437773412677, 0.212773412677, 0.0443575527374, 1, 1, 1, 1, 1820.79022745, 0.30597564731, -16833.9880985, 0.1, 0.1, 1820.79022745, 0.437773412677, -1820.79022745, 16833.9880985, 0.1, -16833.9880985, 16833.9880985, -0.0122265873233, -1820.79022745, 3, 4, 3, 0, 0
1.2, 1.2, 0.1, 0.373771385545, 0.952275459525, -0.148235975567, 2.20885152924, 0.952275459525, 0.0367202606481, 2.20885152924, -104.568472963, 0.0367202606481, 104.605193223, 0.952275459525, -1.25657606972, -1.25657606972, 104.605193223, 0.0367202606481, 0, 0.373771385545, 0.1, 0, 0.1, -14.6881042592, -2223.5396335, 2208.85152924, 0.373771385545, 4879.02507823, -4198.89583319, 0.0720073611121, -0.0279926388879, 104.605193223, 0.522007361112, 0.297007361112, -1.25657606972, 1, 1, 1, 1, 14.6881042592, 0.373771385545, -4198.89583319, 0.1, 0.1, 14.6881042592, 0.522007361112, -14.6881042592, 4198.89583319, 0.1, -4198.89583319, 4198.89583319, 0.0720073611121, -14.6881042592, 3, 4, 3, 0, 0
1.3, 1.3, 0.1, 0.484287750919, 1.16708485361, -0.0616343314819, 1.45426799661, 1.16708485361, -1.32438256095, 1.45426799661, -29.8603991662, -1.32438256095, 28.5360166052, 1.16708485361, -0.287183142999, -0.287183142999, 28.5360166052, -1.32438256095, 0, 0.484287750919, 0.1, 0, 0.1, 529.753024381, -924.514972229, 1454.26799661, 0.484287750919, 2114.89540597, -611.687639827, 0.0959220824012, -0.00407791759885, 28.5360166052, 0.545922082401, 0.320922082401, -0.287183142999, 1, 1, 1, 1, -529.753024381, 0.484287750919, -611.687639827, 0.1, 0.1, -529.753024381, 0.545922082401, 529.753024381, 611.687639827, 0.1, -611.687639827, 611.687639827, 0.0959220824012, 529.753024381, 3, 4, 3, 0, 0
1.4, 1.4, 0.1, 0.5944343502, 0.974182651461, 0.0360312345643, 1.01757813841, 0.974182651461, -3.89511664218, 1.01757813841, -11.3345994297, -3.89511664218, 7.43948278751, 0.974182651461, -0.0433954869447, -0.0433954869447, 7.43948278751, -3.89511664218, 0, 0.5944343502, 0.1, 0, 0.1, 1558.04665687, 540.468518465, 1017.57813841, 0.5944343502, 1035.46526776, 1260.46734537, 0.108403115636, 0.0084031156358, 7.43948278751, 0.558403115636, 0.333403115636, -0.0433954869447, 1, 1, 1, 1, -1558.04665687, 0.5944343502, 1260.46734537, 0.1, 0.1, -1558.04665687, 0.558403115636, 1558.04665687, -1260.46734537, 0.1, 1260.46734537, -1260.46734537, 0.108403115636, 1558.04665687, 3, 4, 3, 0, 0
1.5, 1.5, 0.1, 0.670554457753, 0.519069980219, 0.106763273612, 0.533245212203, 0.519069980219, -5.33673579094, 0.533245212203, -6.98715317197, -5.33673579094, 1.65041738103, 0.519069980219, -0.0141752319842, -0.0141752319842, 1.65041738103, -5.33673579094, 0, 0.670554457753, 0.1, 0, 0.1, 2134.69431638, 1601.44910417, 533.245212203, 0.670554457753, 284.350456337, 2068.67762114, 0.113791184141, 0.0137911841409, 1.65041738103, 0.563791184141, 0.338791184141, -0.0141752319842, 1, 1, 1, 1, -2134.69431638, 0.670554457753, 2068.67762114, 0.1, 0.1, -2134.69431638, 0.563791184141, 2134.69431638, -2068.67762114, 0.1, 2068.67762114, -2068.67762114, 0.113791184141, 2134.69431638, 3, 4, 3, 0, 0
1.6, 1.6, 0.1, 0.695905533416, -0.00843133241892, 0.132505434849, 0.0301184779618, -0.00843133241892, -5.04425000172, 0.0301184779618, -5.2363803906, -5.04425000172, 0.192130388877, -0.00843133241892, -0.0385498103807, -0.0385498103807, 0.192130388877, -5.04425000172, 0, 0.695905533416, 0.1, 0, 0.1, 2017.70000069, 1987.58152273, 30.1184779618, 0.695905533416, 0.907122714733, 2010.01478513, 0.113400098568, 0.0134000985676, 0.192130388877, 0.563400098568, 0.338400098568, -0.0385498103807, 1, 1, 1, 1, -2017.70000069, 0.695905533416, 2010.01478513, 0.1, 0.1, -2017.70000069, 0.563400098568, 2017.70000069, -2010.01478513, 0.1, 2010.01478513, -2010.01478513, 0.113400098568, 2017.70000069, 3, 4, 3, 0, 0
1.7, 1.7, 0.1, 0.672340522291, -0.434339655086, 0.113471861968, -0.372595294084, -0.434339655086, -3.32370658858, -0.372595294084, -3.30329626136, -3.32370658858, -0.0204103272194, -0.434339655086, -0.0617443610026, -0.0617443610026, -0.0204103272194, -3.32370658858, 0, 0.672340522291, 0.1, 0, 0.1, 1329.48263543, 1702.07792952, -372.595294084, 0.672340522291, 138.827253173, 1330.29904852, 0.108868660323, 0.00886866032347, -0.0204103272194, 0.558868660323, 0.333868660323, -0.0617443610026, 1, 1, 1, 1, -1329.48263543, 0.672340522291, 1330.29904852, 0.1, 0.1, -1329.48263543, 0.558868660323, 1329.48263543, -1330.29904852, 0.1, 1330.29904852, -1330.29904852, 0.108868660323, 1329.48263543, 3, 4, 3, 0, 0
1.8, 1.8, 0.1, 0.616189804336, -0.648695837843, 0.0637258948539, -0.582480425223, -0.648695837843, -0.933519993964, -0.582480425223, -1.02905937624, -0.933519993964, 0.0955393822714, -0.648695837843, -0.0662154126209, -0.0662154126209, 0.0955393822714, -0.933519993964, 0, 0.616189804336, 0.1, 0, 0.1, 373.407997585, 955.888422808, -582.480425223, 0.616189804336, 339.283445767, 369.586422295, 0.102463909482, 0.00246390948196, 0.0955393822714, 0.552463909482, 0.327463909482, -0.0662154126209, 1, 1, 1, 1, -373.407997585, 0.616189804336, 369.586422295, 0.1, 0.1, -373.407997585, 0.552463909482, 373.407997585, -369.586422295, 0.1, 369.586422295, -369.586422295, 0.102463909482, 373.407997585, 3, 4, 3, 0, 0
1.9, 1.9, 0.1, 0.550577851774, -0.626400496827, 0.004070097724, -0.575349469122, -0.626400496827, 1.28574500816, -0.575349469122, 1.04727277903, 1.28574500816, 0.238472229129, -0.626400496827, -0.051051027705, -0.051051027705, 0.238472229129, 1.28574500816, 0, 0.550577851774, 0.1, 0, 0.1, -514.298003262, 61.0514658601, -575.349469122, 0.550577851774, 331.027011619, -523.836892427, 0.0965077540505, -0.00349224594952, 0.238472229129, 0.54650775405, 0.32150775405, -0.051051027705, 1, 1, 1, 1, 514.298003262, 0.550577851774, -523.836892427, 0.1, 0.1, 514.298003262, 0.54650775405, -514.298003262, 523.836892427, 0.1, -523.836892427, 523.836892427, 0.0965077540505, -514.298003262, 3, 4, 3, 0, 0
2, 2, 0.1, 0.497141488095, -0.418733757238, -0.0455851721241, -0.395090006118, -0.418733757238, 2.69716896995, -0.395090006118, 2.39383449275, 2.69716896995, 0.303334477198, -0.418733757238, -0.0236437511205, -0.0236437511205, 0.303334477198, 2.69716896995, 0, 0.497141488095, 0.1, 0, 0.1, -1078.86758798, -683.777581861, -395.090006118, 0.497141488095, 156.096112934, -1091.00096707, 0.0927266602196, -0.00727333978045, 0.303334477198, 0.54272666022, 0.31772666022, -0.0236437511205, 1, 1, 1, 1, 1078.86758798, 0.497141488095, -1091.00096707, 0.1, 0.1, 1078.86758798, 0.54272666022, -1078.86758798, 1091.00096707, 0.1, -1091.00096707, 1091.00096707, 0.0927266602196, -1078.86758798, 3, 4, 3, 0, 0
2.1, 2.1, 0.1, 0.469760536463, -0.123432850279, -0.0720971620348, -0.129090007644, -0.123432850279, 3.02636859541, -0.129090007644, 2.75642391768, 3.02636859541, 0.269944677737, -0.123432850279, 0.00565715736439, 0.00565715736439, 0.269944677737, 3.02636859541, 0, 0.469760536463, 0.1, 0, 0.1, -1210.54743817, -1081.45743052, -129.090007644, 0.469760536463, 16.6642300734, -1221.34522527, 0.0918576984982, -0.00814230150183, 0.269944677737, 0.541857698498, 0.316857698498, 0.00565715736439, 1, 1, 1, 1, 1210.54743817, 0.469760536463, -1221.34522527, 0.1, 0.1, 1210.54743817, 0.541857698498, -1210.54743817, 1221.34522527, 0.1, -1221.34522527, 1221.34522527, 0.0918576984982, -1210.54743817, 3, 4, 3, 0, 0
2.2, 2.2, 0.1, 0.471817002656, 0.153638418466, -0.0717992571628, 0.125936564366, 0.153638418466, 2.37763073269, 0.125936564366, 2.21491237955, 2.37763073269, 0.162718353136, 0.153638418466, 0.0277018540996, 0.0277018540996, 0.162718353136, 2.37763073269, 0, 0.471817002656, 0.1, 0, 0.1, -951.052293075, -1076.98885744, 125.936564366, 0.471817002656, 15.8600182443, -957.561027201, 0.0936162598187, -0.00638374018134, 0.162718353136, 0.543616259819, 0.318616259819, 0.0277018540996, 1, 1, 1, 1, 951.052293075, 0.471817002656, -957.561027201, 0.1, 0.1, 951.052293075, 0.543616259819, -951.052293075, 957.561027201, 0.1, -957.561027201, 957.561027201, 0.0936162598187, -951.052293075, 3, 4, 3, 0, 0
2.3, 2.3, 0.1, 0.497147474429, 0.332059201364, -0.0498282123509, 0.294852593408, 0.332059201364, 1.13142647964, 0.294852593408, 1.10451670129, 1.13142647964, 0.0269097783479, 0.332059201364, 0.0372066079561, 0.0372066079561, 0.0269097783479, 1.13142647964, 0, 0.497147474429, 0.1, 0, 0.1, -452.570591856, -747.423185264, 294.852593408, 0.497147474429, 86.9380518393, -453.64698299, 0.0969756867801, -0.00302431321994, 0.0269097783479, 0.54697568678, 0.32197568678, 0.0372066079561, 1, 1, 1, 1, 452.570591856, 0.497147474429, -453.64698299, 0.1, 0.1, 452.570591856, 0.54697568678, -452.570591856, 453.64698299, 0.1, -453.64698299, 453.64698299, 0.0969756867801, -452.570591856, 3, 4, 3, 0, 0
2.4, 2.4, 0.1, 0.533705065622, 0.37640221108, -0.0169129614626, 0.342741181948, 0.37640221108, -0.22261690002, 0.342741181948, -0.1311843327, -0.22261690002, -0.0914325673204, 0.37640221108, 0.0336610291322, 0.0336610291322, -0.0914325673204, -0.22261690002, 0, 0.533705065622, 0.1, 0, 0.1, 89.0467600081, -253.69442194, 342.741181948, 0.533705065622, 117.471517803, 92.7040627009, 0.100618027085, 0.000618027084673, -0.0914325673204, 0.550618027085, 0.325618027085, 0.0336610291322, 1, 1, 1, 1, -89.0467600081, 0.533705065622, 92.7040627009, 0.1, 0.1, -89.0467600081, 0.550618027085, 89.0467600081, -92.7040627009, 0.1, 92.7040627009, -92.7040627009, 0.100618027085, 89.0467600081, 3, 4, 3, 0, 0
2.5, 2.5, 0.1, 0.568312803806, 0.298485374501, 0.0149250576839, 0.277889500501, 0.298485374501, -1.2544134144, 0.277889500501, -1.094499599, -1.2544134144, -0.159913815403, 0.298485374501, 0.0205958740006, 0.0205958740006, -0.159913815403, -1.2544134144, 0, 0.568312803806, 0.1, 0, 0.1, 501.765365759, 223.875865259, 277.889500501, 0.568312803806, 77.2225744885, 508.161918375, 0.103387746123, 0.0033877461225, -0.159913815403, 0.553387746123, 0.328387746123, 0.0205958740006, 1, 1, 1, 1, -501.765365759, 0.568312803806, 508.161918375, 0.1, 0.1, -501.765365759, 0.553387746123, 501.765365759, -508.161918375, 0.1, 508.161918375, -508.161918375, 0.103387746123, 501.765365759, 3, 4, 3, 0, 0
2.6, 2.6, 0.1, 0.590864151182, 0.144902346603, 0.0362532811645, 0.141146993756, 0.144902346603, -1.71236552806, 0.141146993756, -1.54525824385, -1.71236552806, -0.167107284209, 0.144902346603, 0.0037553528467, 0.0037553528467, -0.167107284209, -1.71236552806, 0, 0.590864151182, 0.1, 0, 0.1, 684.946211224, 543.799217468, 141.146993756, 0.590864151182, 19.9224738464, 691.630502592, 0.104610870017, 0.00461087001728, -0.167107284209, 0.554610870017, 0.329610870017, 0.0037553528467, 1, 1, 1, 1, -684.946211224, 0.590864151182, 691.630502592, 0.1, 0.1, -684.946211224, 0.554610870017, 684.946211224, -691.630502592, 0.1, 691.630502592, -691.630502592, 0.104610870017, 684.946211224, 3, 4, 3, 0, 0
2.7, 2.7, 0.1, 0.596803642315, -0.023624505868, 0.0425953429726, -0.0125727790888, -0.023624505868, -1.56589341375, -0.0125727790888, -1.44370501709, -1.56589341375, -0.122188396664, -0.023624505868, -0.0110517267792, -0.0110517267792, -0.122188396664, -1.56589341375, 0, 0.596803642315, 0.1, 0, 0.1, 626.3573655, 638.930144588, -12.5727790888, 0.596803642315, 0.158074774016, 631.244901366, 0.104208299342, 0.00420829934244, -0.122188396664, 0.554208299342, 0.329208299342, -0.0110517267792, 1, 1, 1, 1, -626.3573655, 0.596803642315, 631.244901366, 0.1, 0.1, -626.3573655, 0.554208299342, 626.3573655, -631.244901366, 0.1, 631.244901366, -631.244901366, 0.104208299342, 626.3573655, 3, 4, 3, 0, 0
2.8, 2.8, 0.1, 0.587460612659, -0.153279676902, 0.0348526743545, -0.133554125893, -0.153279676902, -0.973089973561, -0.133554125893, -0.924221068997, -0.973089973561, -0.048868904564, -0.153279676902, -0.0197255510088, -0.0197255510088, -0.048868904564, -0.973089973561, 0, 0.587460612659, 0.1, 0, 0.1, 389.235989424, 522.790115317, -133.554125893, 0.587460612659, 17.8367045431, 391.190745607, 0.102607938304, 0.00260793830405, -0.048868904564, 0.552607938304, 0.327607938304, -0.0197255510088, 1, 1, 1, 1, -389.235989424, 0.587460612659, 391.190745607, 0.1, 0.1, -389.235989424, 0.552607938304, 389.235989424, -391.190745607, 0.1, 391.190745607, -391.190745607, 0.102607938304, 389.235989424, 3, 4, 3, 0, 0
2.9, 2.9, 0.1, 0.568539278486, -0.212141176738, 0.018019714165, -0.191344265984, -0.212141176738, -0.197378616229, -0.191344265984, -0.222798576255, -0.197378616229, 0.0254199600253, -0.212141176738, -0.0207969107544, -0.0207969107544, 0.0254199600253, -0.197378616229, 0, 0.568539278486, 0.1, 0, 0.1, 78.9514464918, 270.295712475, -191.344265984, 0.568539278486, 36.6126281248, 77.9346480908, 0.100519564321, 0.000519564320605, 0.0254199600253, 0.550519564321, 0.325519564321, -0.0207969107544, 1, 1, 1, 1, -78.9514464918, 0.568539278486, 77.9346480908, 0.1, 0.1, -78.9514464918, 0.550519564321, 78.9514464918, -77.9346480908, 0.1, 77.9346480908, -77.9346480908, 0.100519564321, 78.9514464918, 3, 4, 3, 0, 0
3, 3, 0.1, 0.547568919631, -0.195721526246, -0.00109813530879, -0.180348840415, -0.195721526246, 0.492052175118, -0.180348840415, 0.41402995047, 0.492052175118, 0.0780222246477, -0.195721526246, -0.0153726858304, -0.0153726858304, 0.0780222246477, 0.492052175118, 0, 0.547568919631, 0.1, 0, 0.1, -196.820870047, -16.4720296319, -180.348840415, 0.547568919631, 32.5257042391, -199.941759033, 0.0986670549398, -0.00133294506022, 0.0780222246477, 0.54866705494, 0.32366705494, -0.0153726858304, 1, 1, 1, 1, 196.820870047, 0.547568919631, -199.941759033, 0.1, 0.1, 196.820870047, 0.54866705494, -196.820870047, 199.941759033, 0.1, -199.941759033, 199.941759033, 0.0986670549398, -196.820870047, 3, 4, 3, 0, 0
3.1, 3.1, 0.1, 0.531281607547, -0.123160253501, -0.0162850438528, -0.116843253329, -0.123160253501, 0.902797277802, -0.116843253329, 0.80571280583, 0.902797277802, 0.0970844719729, -0.123160253501, -0.00631700017219, -0.00631700017219, 0.0970844719729, 0.902797277802, 0, 0.531281607547, 0.1, 0, 0.1, -361.118911121, -244.275657792, -116.843253329, 0.531281607547, 13.6523458485, -365.00229, 0.0975666514, -0.0024333486, 0.0970844719729, 0.5475666514, 0.3225666514, -0.00631700017219, 1, 1, 1, 1, 361.118911121, 0.531281607547, -365.00229, 0.1, 0.1, 361.118911121, 0.5475666514, -361.118911121, 365.00229, 0.1, -365.00229, 365.00229, 0.0975666514, -361.118911121, 3, 4, 3, 0, 0
3.2, 3.2, 0.1, 0.523724945601, -0.0269846482776, -0.0236848552621, -0.0299303142652, -0.0269846482776, 0.963007857993, -0.0299303142652, 0.879839675318, 0.963007857993, 0.083168182675, -0.0269846482776, 0.00294566598752, 0.00294566598752, 0.083168182675, 0.963007857993, 0, 0.523724945601, 0.1, 0, 0.1, -385.203143197, -355.272828932, -29.9303142652, 0.523724945601, 0.895823712011, -388.529870504, 0.0974098008633, -0.00259019913669, 0.083168182675, 0.547409800863, 0.322409800863, 0.00294566598752, 1, 1, 1, 1, 385.203143197, 0.523724945601, -388.529870504, 0.1, 0.1, 385.203143197, 0.547409800863, -385.203143197, 388.529870504, 0.1, -388.529870504, 388.529870504, 0.0974098008633, -385.203143197, 3, 4, 3, 0, 0
3.3, 3.3, 0.1, 0.525542460086, 0.0592542773687, -0.0225238904917, 0.0496808557085, 0.0592542773687, 0.720443754166, 0.0496808557085, 0.673695962825, 0.720443754166, 0.0467477913411, 0.0592542773687, 0.00957342166023, 0.00957342166023, 0.0467477913411, 0.720443754166, 0, 0.525542460086, 0.1, 0, 0.1, -288.177501666, -337.858357375, 49.6808557085, 0.525542460086, 2.46818742393, -290.04741332, 0.0980663505779, -0.00193364942213, 0.0467477913411, 0.548066350578, 0.323066350578, 0.00957342166023, 1, 1, 1, 1, 288.177501666, 0.525542460086, -290.04741332, 0.1, 0.1, 288.177501666, 0.548066350578, -288.177501666, 290.04741332, 0.1, -290.04741332, 290.04741332, 0.0980663505779, -288.177501666, 3, 4, 3, 0, 0
3.4, 3.4, 0.1, 0.534419623484, 0.111327766386, -0.0147648983358, 0.0992713762611, 0.111327766386, 0.305505246941, 0.0992713762611, 0.302514541122, 0.305505246941, 0.00299070581897, 0.111327766386, 0.0120563901244, 0.0120563901244, 0.00299070581897, 0.305505246941, 0, 0.534419623484, 0.1, 0, 0.1, -122.202098776, -221.473475037, 99.2713762611, 0.534419623484, 9.85480614478, -122.321727009, 0.0991845218199, -0.00081547818006, 0.00299070581897, 0.54918452182, 0.32418452182, 0.0120563901244, 1, 1, 1, 1, 122.202098776, 0.534419623484, -122.321727009, 0.1, 0.1, 122.202098776, 0.54918452182, -122.202098776, 122.321727009, 0.1, -122.321727009, 122.321727009, 0.0991845218199, -122.202098776, 3, 4, 3, 0, 0
3.5, 3.5, 0.1, 0.546341018644, 0.11990749705, -0.00399799314904, 0.109484264264, 0.11990749705, -0.12378591757, 0.109484264264, -0.0903508687099, -0.12378591757, -0.0334350488605, 0.11990749705, 0.0104232327866, 0.0104232327866, -0.0334350488605, -0.12378591757, 0, 0.546341018644, 0.1, 0, 0.1, 49.5143670282, -59.9698972356, 109.484264264, 0.546341018644, 11.9868041214, 50.8517689826, 0.100339011793, 0.000339011793217, -0.0334350488605, 0.550339011793, 0.325339011793, 0.0104232327866, 1, 1, 1, 1, -49.5143670282, 0.546341018644, 50.8517689826, 0.1, 0.1, -49.5143670282, 0.550339011793, 49.5143670282, -50.8517689826, 0.1, 50.8517689826, -50.8517689826, 0.100339011793, 49.5143670282, 3, 4, 3, 0, 0
3.6, 3.6, 0.1, 0.557125772241, 0.0905838330883, 0.00595218054192, 0.0846407317998, 0.0905838330883, -0.434808599821, 0.0846407317998, -0.381925726184, -0.434808599821, -0.0528828736379, 0.0905838330883, 0.00594310128846, 0.00594310128846, -0.0528828736379, -0.434808599821, 0, 0.557125772241, 0.1, 0, 0.1, 173.923439929, 89.2827081288, 84.6407317998, 0.557125772241, 7.1640534796, 176.038754874, 0.101173591699, 0.00117359169916, -0.0528828736379, 0.551173591699, 0.326173591699, 0.00594310128846, 1, 1, 1, 1, -173.923439929, 0.557125772241, 176.038754874, 0.1, 0.1, -173.923439929, 0.551173591699, 173.923439929, -176.038754874, 0.1, 176.038754874, -176.038754874, 0.101173591699, 173.923439929, 3, 4, 3, 0, 0
3.7, 3.7, 0.1, 0.563723973525, 0.0393658127841, 0.0122280683628, 0.0388580345066, 0.0393658127841, -0.555697649873, 0.0388580345066, -0.50302979075, -0.555697649873, -0.0526678591227, 0.0393658127841, 0.000507778277507, 0.000507778277507, -0.0526678591227, -0.555697649873, 0, 0.563723973525, 0.1, 0, 0.1, 222.279059949, 183.421025443, 38.8580345066, 0.563723973525, 1.50994684572, 224.385774314, 0.101495905162, 0.00149590516209, -0.0526678591227, 0.551495905162, 0.326495905162, 0.000507778277507, 1, 1, 1, 1, -222.279059949, 0.563723973525, 224.385774314, 0.1, 0.1, -222.279059949, 0.551495905162, 222.279059949, -224.385774314, 0.1, 224.385774314, -224.385774314, 0.101495905162, 222.279059949, 3, 4, 3, 0, 0
3.8, 3.8, 0.1, 0.564926805555, -0.0141248936314, 0.0136219710628, -0.0100668478843, -0.0141248936314, -0.485656795143, -0.0100668478843, -0.449095400378, -0.485656795143, -0.0365613947645, -0.0141248936314, -0.00405804574712, -0.00405804574712, -0.0365613947645, -0.485656795143, 0, 0.564926805555, 0.1, 0, 0.1, 194.262718057, 204.329565941, -10.0668478843, 0.564926805555, 0.101341426325, 195.725173848, 0.101304834492, 0.00130483449232, -0.0365613947645, 0.551304834492, 0.326304834492, -0.00405804574712, 1, 1, 1, 1, -194.262718057, 0.564926805555, 195.725173848, 0.1, 0.1, -194.262718057, 0.551304834492, 194.262718057, -195.725173848, 0.1, 195.725173848, -195.725173848, 0.101304834492, 194.262718057, 3, 4, 3, 0, 0
3.9, 3.9, 0.1, 0.561385826782, -0.0532722390405, 0.0106309860056, -0.0467358618473, -0.0532722390405, -0.281822320591, -0.0467358618473, -0.269392616186, -0.281822320591, -0.0124297044054, -0.0532722390405, -0.0065363771932, -0.0065363771932, -0.0124297044054, -0.281822320591, 0, 0.561385826782, 0.1, 0, 0.1, 112.728928236, 159.464790084, -46.7358618473, 0.561385826782, 2.18424078261, 113.226116413, 0.100754840776, 0.000754840776084, -0.0124297044054, 0.550754840776, 0.325754840776, -0.0065363771932, 1, 1, 1, 1, -112.728928236, 0.561385826782, 113.226116413, 0.1, 0.1, -112.728928236, 0.550754840776, 112.728928236, -113.226116413, 0.1, 113.226116413, -113.226116413, 0.100754840776, 112.728928236, 3, 4, 3, 0, 0
4, 4, 0.05, 0.55506560273, -0.0689286755587, 0.00498567099283, -0.0623584577696, -0.0689286755587, -0.0310665178073, -0.0623584577696, 187.45801232, -0.0310665178073, -187.489078838, -0.0689286755587, -0.0065702177891, -0.0065702177891, -187.489078838, -0.0310665178073, 0, 0.55506560273, 0.05, 0, 0.05, 12.4266071229, 74.7850648925, -62.3584577696, 0.55506560273, 3.8885772554, 7511.98976064, 0.100079931738, 0.0500799317376, -187.489078838, 0.550079931738, 0.325079931738, -0.0065702177891, 1, 1, 1, 1, -12.4266071229, 0.55506560273, 7511.98976064, 0.05, 0.05, -12.4266071229, 0.550079931738, 12.4266071229, -7511.98976064, 0.05, 7511.98976064, -7511.98976064, 0.100079931738, 12.4266071229, 3, 4, 3, 0, 0
4.1, 4.1, 0.05, 0.534895531087, -0.262368565583, 0.0267634546142, -1.06170308349, -0.262368565583, 1.65062816068, -1.06170308349, 48.6521965401, 1.65062816068, -47.0015683794, -0.262368565583, 0.799334517905, 0.799334517905, -47.0015683794, 1.65062816068, 0, 0.534895531087, 0.05, 0, 0.05, -660.251264274, 401.451819214, -1061.70308349, 0.534895531087, 1127.21343749, 1219.8114709, 0.0581320764727, 0.00813207647268, -47.0015683794, 0.508132076473, 0.283132076473, 0.799334517905, 1, 1, 1, 1, 660.251264274, 0.534895531087, 1219.8114709, 0.05, 0.05, 660.251264274, 0.508132076473, -660.251264274, -1219.8114709, 0.05, 1219.8114709, -1219.8114709, 0.0581320764727, -660.251264274, 3, 4, 3, 0, 0
4.2, 4.2, 0.05, 0.506727994699, -0.282540912143, 0.00602300246084, -0.494953749543, -0.282540912143, 1.01152178158, -0.494953749543, 13.7704604887, 1.01152178158, -12.7589387071, -0.282540912143, 0.2124128374, 0.2124128374, -12.7589387071, 1.01152178158, 0, 0.506727994699, 0.05, 0, 0.05, -404.60871263, 90.3450369126, -494.953749543, 0.506727994699, 244.979214187, 105.748835655, 0.0507049922377, 0.000704992237703, -12.7589387071, 0.500704992238, 0.275704992238, 0.2124128374, 1, 1, 1, 1, 404.60871263, 0.506727994699, 105.748835655, 0.05, 0.05, 404.60871263, 0.500704992238, -404.60871263, -105.748835655, 0.05, 105.748835655, -105.748835655, 0.0507049922377, -404.60871263, 3, 4, 3, 0, 0
4.3, 4.3, 0.05, 0.481537248939, -0.209255143132, -0.0160058479901, -0.263503288602, -0.209255143132, 1.25897752113, -0.263503288602, 4.63536621553, 1.25897752113, -3.37638869439, -0.209255143132, 0.0542481454696, 0.0542481454696, -3.37638869439, 1.25897752113, 0, 0.481537248939, 0.05, 0, 0.05, -503.591008453, -240.087719852, -263.503288602, 0.481537248939, 69.433983104, -368.535460678, 0.0475430969288, -0.00245690307118, -3.37638869439, 0.497543096929, 0.272543096929, 0.0542481454696, 1, 1, 1, 1, 503.591008453, 0.481537248939, -368.535460678, 0.05, 0.05, 503.591008453, 0.497543096929, -503.591008453, 368.535460678, 0.05, -368.535460678, 368.535460678, 0.0475430969288, -503.591008453, 3, 4, 3, 0, 0
4.4, 4.4, 0.05, 0.466594552105, -0.0854088168484, -0.0299376371447, -0.104300865675, -0.0854088168484, 1.38341355711, -0.104300865675, 2.21325881456, 1.38341355711, -0.829845257451, -0.0854088168484, 0.0188920488264, 0.0188920488264, -0.829845257451, 1.38341355711, 0, 0.466594552105, 0.05, 0, 0.05, -553.365422845, -449.06455717, -104.300865675, 0.466594552105, 10.8786705805, -520.171612547, 0.0465321892497, -0.00346781075031, -0.829845257451, 0.49653218925, 0.27153218925, 0.0188920488264, 1, 1, 1, 1, 553.365422845, 0.466594552105, -520.171612547, 0.05, 0.05, 553.365422845, 0.49653218925, -553.365422845, 520.171612547, 0.05, -520.171612547, 520.171612547, 0.0465321892497, -553.365422845, 3, 4, 3, 0, 0
4.5, 4.5, 0.05, 0.464551503251, 0.0412228935627, -0.032422775875, 0.0254664128929, 0.0412228935627, 1.15218806308, 0.0254664128929, 1.32761541627, 1.15218806308, -0.175427353186, 0.0412228935627, 0.0157564806698, 0.0157564806698, -0.175427353186, 1.15218806308, 0, 0.464551503251, 0.05, 0, 0.05, -460.875225233, -486.341638125, 25.4664128929, 0.464551503251, 0.648538185634, -453.858131105, 0.046974279126, -0.00302572087403, -0.175427353186, 0.496974279126, 0.271974279126, 0.0157564806698, 1, 1, 1, 1, 460.875225233, 0.464551503251, -453.858131105, 0.05, 0.05, 460.875225233, 0.496974279126, -460.875225233, 453.858131105, 0.05, -453.858131105, 453.858131105, 0.046974279126, -460.875225233, 3, 4, 3, 0, 0
4.6, 4.6, 0.05, 0.473614678828, 0.131601767424, -0.0246897427942, 0.114229386163, 0.131601767424, 0.640291889374, 0.114229386163, 0.684791864904, 0.640291889374, -0.0444999755302, 0.131601767424, 0.0173723812606, 0.0173723812606, -0.0444999755302, 0.640291889374, 0, 0.473614678828, 0.05, 0, 0.05, -256.11675575, -370.346141913, 114.229386163, 0.473614678828, 13.0483526632, -254.336756729, 0.0483044216218, -0.00169557837819, -0.0444999755302, 0.498304421622, 0.273304421622, 0.0173723812606, 1, 1, 1, 1, 256.11675575, 0.473614678828, -254.336756729, 0.05, 0.05, 256.11675575, 0.498304421622, -256.11675575, 254.336756729, 0.05, -254.336756729, 254.336756729, 0.0483044216218, -256.11675575, 3, 4, 3, 0, 0
4.7, 4.7, 0.05, 0.488955280654, 0.165154345516, -0.0109564732196, 0.149180875162, 0.165154345516, 0.0379155578281, 0.149180875162, 0.0861481637076, 0.0379155578281, -0.0482326058795, 0.165154345516, 0.0159734703535, 0.0159734703535, -0.0482326058795, 0.0379155578281, 0, 0.488955280654, 0.05, 0, 0.05, -15.1662231312, -164.347098294, 149.180875162, 0.488955280654, 22.2549335142, -13.2369188961, 0.049911753874, -8.82461259738e-05, -0.0482326058795, 0.499911753874, 0.274911753874, 0.0159734703535, 1, 1, 1, 1, 15.1662231312, 0.488955280654, -13.2369188961, 0.05, 0.05, 15.1662231312, 0.499911753874, -15.1662231312, 13.2369188961, 0.05, -13.2369188961, 13.2369188961, 0.049911753874, -15.1662231312, 3, 4, 3, 0, 0
4.8, 4.8, 0.05, 0.504750351563, 0.142412299497, 0.00350340530956, 0.131683489324, 0.142412299497, -0.460586422418, 0.131683489324, -0.390402195612, -0.460586422418, -0.0701842268065, 0.142412299497, 0.0107288101734, 0.0107288101734, -0.0701842268065, -0.460586422418, 0, 0.504750351563, 0.05, 0, 0.05, 184.234568967, 52.5510796434, 131.683489324, 0.504750351563, 17.3405413605, 187.04193804, 0.0512469462536, 0.0012469462536, -0.0701842268065, 0.501246946254, 0.276246946254, 0.0107288101734, 1, 1, 1, 1, -184.234568967, 0.504750351563, 187.04193804, 0.05, 0.05, -184.234568967, 0.501246946254, 184.234568967, -187.04193804, 0.05, 187.04193804, -187.04193804, 0.0512469462536, 184.234568967, 3, 4, 3, 0, 0
4.9, 4.9, 0.05, 0.516134528554, 0.0808522879183, 0.0141801492988, 0.0774224302761, 0.0808522879183, -0.725311674395, 0.0774224302761, -0.649506209987, -0.725311674395, -0.0758054644072, 0.0808522879183, 0.00342985764228, 0.00342985764228, -0.0758054644072, -0.725311674395, 0, 0.516134528554, 0.05, 0, 0.05, 290.124669758, 212.702239482, 77.4224302761, 0.516134528554, 5.99423270985, 293.156888334, 0.0519543792556, 0.00195437925556, -0.0758054644072, 0.501954379256, 0.276954379256, 0.00342985764228, 1, 1, 1, 1, -290.124669758, 0.516134528554, 293.156888334, 0.05, 0.05, -290.124669758, 0.501954379256, 290.124669758, -293.156888334, 0.05, 293.156888334, -293.156888334, 0.0519543792556, 290.124669758, 3, 4, 3, 0, 0
5, 5, 0.05, 0.520492901263, 0.0064109357555, 0.018555479999, 0.00988428069693, 0.0064109357555, -0.720541201706, 0.00988428069693, -0.660623479677, -0.720541201706, -0.0599177220286, 0.0064109357555, -0.00347334494143, -0.00347334494143, -0.0599177220286, -0.720541201706, 0, 0.520492901263, 0.05, 0, 0.05, 288.216480682, 278.332199985, 9.88428069693, 0.520492901263, 0.0976990048956, 290.613189563, 0.0519374212638, 0.00193742126376, -0.0599177220286, 0.501937421264, 0.276937421264, -0.00347334494143, 1, 1, 1, 1, -288.216480682, 0.520492901263, 290.613189563, 0.05, 0.05, -288.216480682, 0.501937421264, 288.216480682, -290.613189563, 0.05, 290.613189563, -290.613189563, 0.0519374212638, 288.216480682, 3, 4, 3, 0, 0
5.1, 5.1, 0, 0.517828966555, -0.0559584383725, 0.0164915918277, -0.047948597027, -0.0559584383725, -0.498563200971, -0.047948597027, 187.030960016, -0.498563200971, -187.529523217, -0.0559584383725, -0.00800984134552, -0.00800984134552, -187.529523217, -0.498563200971, 0, 0.517828966555, 0, 0, 0, 199.425280389, 247.373877416, -47.948597027, 0.517828966555, 2.29906795686, 7700.60620905, 0.051337374727, 0.051337374727, -187.529523217, 0.501337374727, 0.276337374727, -0.00800984134552, 1, 1, 1, 1, -199.425280389, 0.517828966555, 7700.60620905, 0, 0, -199.425280389, 0.501337374727, 199.425280389, -7700.60620905, 0, 7700.60620905, -7700.60620905, 0.051337374727, 199.425280389, 3, 4, 3, 0, 0
5.2, 5.2, 0, 0.494852704623, -0.281765306999, 0.0304216170424, -0.552474147939, -0.281765306999, 0.240374730758, -0.552474147939, 56.7607004639, 0.240374730758, -56.5203257331, -0.281765306999, 0.27070884094, 0.27070884094, -56.5203257331, 0.240374730758, 0, 0.494852704623, 0, 0, 0, -96.1498923031, 456.324255636, -552.474147939, 0.494852704623, 305.227684141, 2164.66313702, 0.0144310875801, 0.0144310875801, -56.5203257331, 0.46443108758, 0.23943108758, 0.27070884094, 1, 1, 1, 1, 96.1498923031, 0.494852704623, 2164.66313702, 0, 0, 96.1498923031, 0.46443108758, -96.1498923031, -2164.66313702, 0, 2164.66313702, -2164.66313702, 0.0144310875801, -96.1498923031, 3, 4, 3, 0, 0
5.3, 5.3, 0, 0.461902262984, -0.33074534865, 0.00939619992771, -0.392918835595, -0.33074534865, 0.629939591699, -0.392918835595, 16.3270719706, 0.629939591699, -15.6971323789, -0.33074534865, 0.0621734869458, 0.0621734869458, -15.6971323789, 0.629939591699, 0, 0.461902262984, 0, 0, 0, -251.97583668, 140.942998916, -392.918835595, 0.461902262984, 154.385211366, 375.909458477, 0.00250606305651, 0.00250606305651, -15.6971323789, 0.452506063057, 0.227506063057, 0.0621734869458, 1, 1, 1, 1, 251.97583668, 0.461902262984, 375.909458477, 0, 0, 251.97583668, 0.452506063057, -251.97583668, -375.909458477, 0, 375.909458477, -375.909458477, 0.00250606305651, -251.97583668, 3, 4, 3, 0, 0
5.4, 5.4, 0, 0.431346642973, -0.258297707496, -0.0163634793304, -0.268432692942, -0.258297707496, 1.28471220724, -0.268432692942, 5.54479291843, 1.28471220724, -4.26008071118, -0.258297707496, 0.0101349854458, 0.0101349854458, -4.26008071118, 1.28471220724, 0, 0.431346642973, 0, 0, 0, -513.884882898, -245.452189956, -268.432692942, 0.431346642973, 72.0561106402, -343.481654451, -0.00228987769634, -0.00228987769634, -4.26008071118, 0.447710122304, 0.222710122304, 0.0101349854458, 1, 1, 1, 1, 513.884882898, 0.431346642973, -343.481654451, 0, 0, 513.884882898, 0.447710122304, -513.884882898, 343.481654451, 0, -343.481654451, 343.481654451, -0.00228987769634, -513.884882898, 3, 4, 3, 0, 0
5.5, 5.5, 0, 0.412128952331, -0.118002809643, -0.0339383049632, -0.124032761371, -0.118002809643, 1.58276833955, -0.124032761371, 2.66266658949, 1.58276833955, -1.07989824994, -0.118002809643, 0.00602995172743, 0.00602995172743, -1.07989824994, 1.58276833955, 0, 0.412128952331, 0, 0, 0, -633.107335819, -509.074574448, -124.032761371, 0.412128952331, 15.3841258932, -589.911405822, -0.00393274270548, -0.00393274270548, -1.07989824994, 0.446067257295, 0.221067257295, 0.00602995172743, 1, 1, 1, 1, 633.107335819, 0.412128952331, -589.911405822, 0, 0, 633.107335819, 0.446067257295, -633.107335819, 589.911405822, 0, -589.911405822, 589.911405822, -0.00393274270548, -633.107335819, 3, 4, 3, 0, 0
5.6, 5.6, 0, 0.407973010943, 0.0325018327453, -0.0383802818179, 0.0192280485538, 0.0325018327453, 1.39119044678, 0.0192280485538, 1.62794276777, 1.39119044678, -0.236752320988, 0.0325018327453, 0.0132737841916, 0.0132737841916, -0.236752320988, 1.39119044678, 0, 0.407973010943, 0, 0, 0, -556.476178714, -575.704227268, 19.2280485538, 0.407973010943, 0.369717851186, -547.006085874, -0.00364670723916, -0.00364670723916, -0.236752320988, 0.446353292761, 0.221353292761, 0.0132737841916, 1, 1, 1, 1, 556.476178714, 0.407973010943, -547.006085874, 0, 0, 556.476178714, 0.446353292761, -556.476178714, 547.006085874, 0, -547.006085874, 547.006085874, -0.00364670723916, -556.476178714, 3, 4, 3, 0, 0
5.7, 5.7, 0, 0.417313483488, 0.145087332747, -0.0304938069474, 0.126235295542, 0.145087332747, 0.827929521674, 0.126235295542, 0.884563869402, 0.827929521674, -0.0566343477278, 0.145087332747, 0.0188520372056, 0.0188520372056, -0.0566343477278, 0.827929521674, 0, 0.417313483488, 0, 0, 0, -331.17180867, -457.407104211, 126.235295542, 0.417313483488, 15.9353498405, -328.906434761, -0.00219270956507, -0.00219270956507, -0.0566343477278, 0.447807290435, 0.222807290435, 0.0188520372056, 1, 1, 1, 1, 331.17180867, 0.417313483488, -328.906434761, 0, 0, 331.17180867, 0.447807290435, -331.17180867, 328.906434761, 0, -328.906434761, 328.906434761, -0.00219270956507, -331.17180867, 3, 4, 3, 0, 0
5.8, 5.8, 0, 0.43478658086, 0.1926392069, -0.0148971606807, 0.173857411552, 0.1926392069, 0.123999996648, 0.173857411552, 0.178030741309, 0.123999996648, -0.0540307446614, 0.1926392069, 0.0187817953487, 0.0187817953487, -0.0540307446614, 0.123999996648, 0, 0.43478658086, 0, 0, 0, -49.5999986591, -223.457410211, 173.857411552, 0.43478658086, 30.2263995515, -47.4387688726, -0.000316258459151, -0.000316258459151, -0.0540307446614, 0.449683741541, 0.224683741541, 0.0187817953487, 1, 1, 1, 1, 49.5999986591, 0.43478658086, -47.4387688726, 0, 0, 49.5999986591, 0.449683741541, -49.5999986591, 47.4387688726, 0, -47.4387688726, 47.4387688726, -0.000316258459151, -49.5999986591, 3, 4, 3, 0, 0
5.9, 5.9, 0, 0.453574460082, 0.172958755078, 0.002262851101, 0.15958967051, 0.172958755078, -0.483831092561, 0.15958967051, -0.403608340142, -0.483831092561, -0.0802227524194, 0.172958755078, 0.0133690845681, 0.0133690845681, -0.0802227524194, -0.483831092561, 0, 0.453574460082, 0, 0, 0, 193.532437024, 33.9427665149, 159.58967051, 0.453574460082, 25.4688629333, 196.741347121, 0.00131160898081, 0.00131160898081, -0.0802227524194, 0.451311608981, 0.226311608981, 0.0133690845681, 1, 1, 1, 1, -193.532437024, 0.453574460082, 196.741347121, 0, 0, -193.532437024, 0.451311608981, 193.532437024, -196.741347121, 0, 196.741347121, -196.741347121, 0.00131160898081, 193.532437024, 3, 4, 3, 0, 0
6, 6, 0, 0.467744003584, 0.104643941966, 0.0155054408695, 0.0996180902284, 0.104643941966, -0.830499258179, 0.0996180902284, -0.740881661346, -0.830499258179, -0.0896175968324, 0.104643941966, 0.00502585173707, 0.00502585173707, -0.0896175968324, -0.830499258179, 0, 0.467744003584, 0, 0, 0, 332.199703271, 232.581613043, 99.6180902284, 0.467744003584, 9.92376390076, 335.784407145, 0.0022385627143, 0.0022385627143, -0.0896175968324, 0.452238562714, 0.227238562714, 0.00502585173707, 1, 1, 1, 1, -332.199703271, 0.467744003584, 335.784407145, 0, 0, -332.199703271, 0.452238562714, 332.199703271, -335.784407145, 0, 335.784407145, -335.784407145, 0.0022385627143, 332.199703271, 3, 4, 3, 0, 0
6.1, 6.1, 0, 0.473876371176, 0.0175202677523, 0.0215621358357, 0.0207587989602, 0.0175202677523, -0.860477091241, 0.0207587989602, -0.786865479355, -0.860477091241, -0.0736116118856, 0.0175202677523, -0.00323853120789, -0.00323853120789, -0.0736116118856, -0.860477091241, 0, 0.473876371176, 0, 0, 0, 344.190836496, 323.432037536, 20.7587989602, 0.473876371176, 0.430927734269, 347.135300972, 0.00231423533981, 0.00231423533981, -0.0736116118856, 0.45231423534, 0.22731423534, -0.00323853120789, 1, 1, 1, 1, -344.190836496, 0.473876371176, 347.135300972, 0, 0, -344.190836496, 0.45231423534, 344.190836496, -347.135300972, 0, 347.135300972, -347.135300972, 0.00231423533981, 344.190836496, 3, 4, 3, 0, 0
6.2, 6.2, 0, 0.471628547601, -0.0585059607523, 0.0199530802954, -0.0495465928289, -0.0585059607523, -0.624374029007, -0.0495465928289, -0.585111923641, -0.624374029007, -0.0392621053657, -0.0585059607523, -0.0089593679234, -0.0089593679234, -0.0392621053657, -0.624374029007, 0, 0.471628547601, 0, 0, 0, 249.749611603, 299.296204431, -49.5465928289, 0.471628547601, 2.45486486095, 251.320095817, 0.00167546730545, 0.00167546730545, -0.0392621053657, 0.451675467305, 0.226675467305, -0.0089593679234, 1, 1, 1, 1, -249.749611603, 0.471628547601, 251.320095817, 0, 0, -249.749611603, 0.451675467305, 249.749611603, -251.320095817, 0, 251.320095817, -251.320095817, 0.00167546730545, 249.749611603, 3, 4, 3, 0, 0
6.3, 6.3, 0, 0.463258228781, -0.102515498501, 0.012608307253, -0.0916261425131, -0.102515498501, -0.243746165704, -0.0916261425131, -0.24400209115, -0.243746165704, 0.000255925446816, -0.102515498501, -0.010889355988, -0.010889355988, 0.000255925446816, -0.243746165704, 0, 0.463258228781, 0, 0, 0, 97.4984662814, 189.124608795, -91.6261425131, 0.463258228781, 8.39534999183, 97.4882292636, 0.000649921528424, 0.000649921528424, 0.000255925446816, 0.450649921528, 0.225649921528, -0.010889355988, 1, 1, 1, 1, -97.4984662814, 0.463258228781, 97.4882292636, 0, 0, -97.4984662814, 0.450649921528, 97.4984662814, -97.4882292636, 0, 97.4882292636, -97.4882292636, 0.000649921528424, 97.4984662814, 3, 4, 3, 0, 0
6.4, 6.4, 0, 0.452451038709, -0.107216018619, 0.0028302962858, -0.0980557775791, -0.107216018619, 0.13900333323, -0.0980557775791, 0.106820751679, 0.13900333323, 0.0321825815509, -0.107216018619, -0.0091602410398, -0.0091602410398, 0.0321825815509, 0.13900333323, 0, 0.452451038709, 0, 0, 0, -55.6013332921, 42.454444287, -98.0557775791, 0.452451038709, 9.61493551665, -56.8886365542, -0.000379257577028, -0.000379257577028, 0.0321825815509, 0.449620742423, 0.224620742423, -0.0091602410398, 1, 1, 1, 1, 55.6013332921, 0.452451038709, -56.8886365542, 0, 0, 55.6013332921, 0.449620742423, -55.6013332921, 56.8886365542, 0, -56.8886365542, 56.8886365542, -0.000379257577028, -55.6013332921, 3, 4, 3, 0, 0
6.5, 6.5, 0, 0.442936329411, -0.07858425745, -0.00596373211931, -0.0736000766227, -0.07858425745, 0.407640146031, -0.0736000766227, 0.359272344794, 0.407640146031, 0.0483678012365, -0.07858425745, -0.0049841808273, -0.0049841808273, 0.0483678012365, 0.407640146031, 0, 0.442936329411, 0, 0, 0, -163.056058412, -89.4559817896, -73.6000766227, 0.442936329411, 5.41697127887, -164.990770462, -0.00109993846975, -0.00109993846975, 0.0483678012365, 0.44890006153, 0.22390006153, -0.0049841808273, 1, 1, 1, 1, 163.056058412, 0.442936329411, -164.990770462, 0, 0, 163.056058412, 0.44890006153, -163.056058412, 164.990770462, 0, -164.990770462, 164.990770462, -0.00109993846975, -163.056058412, 3, 4, 3, 0, 0
6.6, 6.6, 0, 0.437350315515, -0.0315594220599, -0.0112975999223, -0.0314738674764, -0.0315594220599, 0.502344665777, -0.0314738674764, 0.455474212705, 0.502344665777, 0.046870453072, -0.0315594220599, -8.55545835584e-05, -8.55545835584e-05, 0.046870453072, 0.502344665777, 0, 0.437350315515, 0, 0, 0, -200.937866311, -169.463998835, -31.4738674764, 0.437350315515, 0.99060433392, -202.812684434, -0.00135208456289, -0.00135208456289, 0.046870453072, 0.448647915437, 0.223647915437, -8.55545835584e-05, 1, 1, 1, 1, 200.937866311, 0.437350315515, -202.812684434, 0, 0, 200.937866311, 0.448647915437, -200.937866311, 202.812684434, 0, -202.812684434, 202.812684434, -0.00135208456289, -200.937866311, 3, 4, 3, 0, 0
6.7, 6.7, 0, 0.436644023453, 0.0161649202641, -0.0122084032191, 0.0122480064885, 0.0161649202641, 0.427195104493, 0.0122480064885, 0.395746170808, 0.427195104493, 0.0314489336852, 0.0161649202641, 0.00391691377555, 0.00391691377555, 0.0314489336852, 0.427195104493, 0, 0.436644023453, 0, 0, 0, -170.878041797, -183.126048286, 12.2480064885, 0.436644023453, 0.150013662943, -172.135999145, -0.00114757332763, -0.00114757332763, 0.0314489336852, 0.448852426672, 0.223852426672, 0.00391691377555, 1, 1, 1, 1, 170.878041797, 0.436644023453, -172.135999145, 0, 0, 170.878041797, 0.448852426672, -170.878041797, 172.135999145, 0, -172.135999145, 172.135999145, -0.00114757332763, -170.878041797, 3, 4, 3, 0, 0
6.8, 6.8, 0, 0.440112689454, 0.0500139611924, -0.0092530509194, 0.0440337026072, 0.0500139611924, 0.236905152959, 0.0440337026072, 0.227483083452, 0.236905152959, 0.0094220695077, 0.0500139611924, 0.00598025858521, 0.00598025858521, 0.0094220695077, 0.236905152959, 0, 0.440112689454, 0, 0, 0, -94.7620611838, -138.795763791, 44.0337026072, 0.440112689454, 1.9389669653, -95.1389439641, -0.000634259626427, -0.000634259626427, 0.0094220695077, 0.449365740374, 0.224365740374, 0.00598025858521, 1, 1, 1, 1, 94.7620611838, 0.440112689454, -95.1389439641, 0, 0, 94.7620611838, 0.449365740374, -94.7620611838, 95.1389439641, 0, -95.1389439641, 95.1389439641, -0.000634259626427, -94.7620611838, 3, 4, 3, 0, 0
6.9, 6.9, 0, 0.445920708264, 0.0623554293849, -0.00405367175914, 0.0565099260354, 0.0623554293849, 0.0107378758793, 0.0565099260354, 0.0220417220743, 0.0107378758793, -0.011303846195, 0.0623554293849, 0.00584550334942, 0.00584550334942, -0.011303846195, 0.0107378758793, 0, 0.445920708264, 0, 0, 0, -4.29515035172, -60.8050763872, 56.5099260354, 0.445920708264, 3.19337174053, -3.84299650392, -2.56199766928e-05, -2.56199766928e-05, -0.011303846195, 0.449974380023, 0.224974380023, 0.00584550334942, 1, 1, 1, 1, 4.29515035172, 0.445920708264, -3.84299650392, 0, 0, 4.29515035172, 0.449974380023, -4.29515035172, 3.84299650392, 0, -3.84299650392, 3.84299650392, -2.56199766928e-05, -4.29515035172, 3, 4, 3, 0, 0
7, 7, 0, 0.451870015766, 0.0535028109447, 0.00139380815049, 0.0495357239535, 0.0535028109447, -0.176107115527, 0.0495357239535, -0.151399712573, -0.176107115527, -0.0247074029543, 0.0535028109447, 0.00396708699122, 0.00396708699122, -0.0247074029543, -0.176107115527, 0, 0.451870015766, 0, 0, 0, 70.4428462108, 20.9071222574, 49.5357239535, 0.451870015766, 2.45378794759, 71.431142329, 0.000476207615527, 0.000476207615527, -0.0247074029543, 0.450476207616, 0.225476207616, 0.00396708699122, 1, 1, 1, 1, -70.4428462108, 0.451870015766, 71.431142329, 0, 0, -70.4428462108, 0.450476207616, 70.4428462108, -71.431142329, 0, 71.431142329, -71.431142329, 0.000476207615527, 70.4428462108, 3, 4, 3, 0, 0
7.1, 7.1, 0, 0.456133538952, 0.0301246299133, 0.00539408097858, 0.0288829756848, 0.0301246299133, -0.274485475909, 0.0288829756848, -0.246372833131, -0.274485475909, -0.0281126427775, 0.0301246299133, 0.00124165422853, 0.00124165422853, -0.0281126427775, -0.274485475909, 0, 0.456133538952, 0, 0, 0, 109.794190363, 80.9112146787, 28.8829756848, 0.456133538952, 0.834226284406, 110.918696075, 0.00073945797383, 0.00073945797383, -0.0281126427775, 0.450739457974, 0.225739457974, 0.00124165422853, 1, 1, 1, 1, -109.794190363, 0.456133538952, 110.918696075, 0, 0, -109.794190363, 0.450739457974, 109.794190363, -110.918696075, 0, 110.918696075, -110.918696075, 0.00073945797383, 109.794190363, 3, 4, 3, 0, 0
7.2, 7.2, 0, 0.457738297958, 0.00203015281283, 0.00700892820217, 0.00337672584003, 0.00203015281283, -0.271276622181, 0.00337672584003, -0.248906257892, -0.271276622181, -0.0223703642894, 0.00203015281283, -0.0013465730272, -0.0013465730272, -0.0223703642894, -0.271276622181, 0, 0.457738297958, 0, 0, 0, 108.510648873, 105.133923033, 3.37672584003, 0.457738297958, 0.0114022773987, 109.405463444, 0.000729369756294, 0.000729369756294, -0.0223703642894, 0.450729369756, 0.225729369756, -0.0013465730272, 1, 1, 1, 1, -108.510648873, 0.457738297958, 109.405463444, 0, 0, -108.510648873, 0.450729369756, 108.510648873, -109.405463444, 0, 109.405463444, -109.405463444, 0.000729369756294, 108.510648873, 3, 4, 3, 0, 0
7.3, 7.3, 0, 0.456699098057, -0.0213904470131, 0.00619865144761, -0.01835029399, -0.0213904470131, -0.18657369431, -0.01835029399, -0.175635852758, -0.18657369431, -0.0109378415528, -0.0213904470131, -0.00304015302306, -0.00304015302306, -0.0109378415528, -0.18657369431, 0, 0.456699098057, 0, 0, 0, 74.6294777242, 92.9797717142, -18.35029399, 0.456699098057, 0.33673328952, 75.0669913863, 0.000500446609242, 0.000500446609242, -0.0109378415528, 0.450500446609, 0.225500446609, -0.00304015302306, 1, 1, 1, 1, -74.6294777242, 0.456699098057, 75.0669913863, 0, 0, -74.6294777242, 0.450500446609, 74.6294777242, -75.0669913863, 0, 75.0669913863, -75.0669913863, 0.000500446609242, 74.6294777242, 3, 4, 3, 0, 0
7.4, 7.4, 0, 0.45382811643, -0.0339290133035, 0.00366495651001, -0.0304340712537, -0.0339290133035, -0.0613506909913, -0.0304340712537, -0.0630079024645, -0.0613506909913, 0.00165721147318, -0.0339290133035, -0.00349494204987, -0.00349494204987, 0.00165721147318, -0.0613506909913, 0, 0.45382811643, 0, 0, 0, 24.5402763965, 54.9743476502, -30.4340712537, 0.45382811643, 0.926232693074, 24.4739879376, 0.000163159919584, 0.000163159919584, 0.00165721147318, 0.45016315992, 0.22516315992, -0.00349494204987, 1, 1, 1, 1, -24.5402763965, 0.45382811643, 24.4739879376, 0, 0, -24.5402763965, 0.45016315992, 24.5402763965, -24.4739879376, 0, 24.4739879376, -24.4739879376, 0.000163159919584, 24.5402763965, 3, 4, 3, 0, 0
7.5, 7.5, 0, 0.450339016829, -0.0338392645622, 0.000499035252832, -0.0310328318943, -0.0338392645622, 0.0588682577546, -0.0310328318943, 0.0474817451958, 0.0588682577546, 0.0113865125588, -0.0338392645622, -0.00280643266784, -0.00280643266784, 0.0113865125588, 0.0588682577546, 0, 0.450339016829, 0, 0, 0, -23.5473031018, 7.48552879248, -31.0328318943, 0.450339016829, 0.963036655381, -24.0027636042, -0.000160018424028, -0.000160018424028, 0.0113865125588, 0.449839981576, 0.224839981576, -0.00280643266784, 1, 1, 1, 1, 23.5473031018, 0.450339016829, -24.0027636042, 0, 0, 23.5473031018, 0.449839981576, -23.5473031018, 24.0027636042, 0, -24.0027636042, 24.0027636042, -0.000160018424028, -23.5473031018, 3, 4, 3, 0, 0
7.6, 7.6, 0, 0.44740407794, -0.0235254143372, -0.00222198330763, -0.0221273061662, -0.0235254143372, 0.138642639452, -0.0221273061662, 0.122798712242, 0.138642639452, 0.0158439272094, -0.0235254143372, -0.00139810817107, -0.00139810817107, 0.0158439272094, 0.138642639452, 0, 0.44740407794, 0, 0, 0, -55.4570557807, -33.3297496145, -22.1273061662, 0.44740407794, 0.489617678172, -56.090812869, -0.00037393875246, -0.00037393875246, 0.0158439272094, 0.449626061248, 0.224626061248, -0.00139810817107, 1, 1, 1, 1, 55.4570557807, 0.44740407794, -56.090812869, 0, 0, 55.4570557807, 0.449626061248, -55.4570557807, 56.090812869, 0, -56.090812869, 56.090812869, -0.00037393875246, -55.4570557807, 3, 4, 3, 0, 0
7.7, 7.7, 0, 0.445807207868, -0.0080333015283, -0.00375836870326, -0.00820166819766, -0.0080333015283, 0.161442996867, -0.00820166819766, 0.146785108547, 0.161442996867, 0.0146578883191, -0.0080333015283, 0.000168366669357, 0.000168366669357, 0.0146578883191, 0.161442996867, 0, 0.445807207868, 0, 0, 0, -64.5771987466, -56.3755305489, -8.20166819766, 0.445807207868, 0.0672673612245, -65.1635142794, -0.000434423428529, -0.000434423428529, 0.0146578883191, 0.449565576571, 0.224565576571, 0.000168366669357, 1, 1, 1, 1, 64.5771987466, 0.445807207868, -65.1635142794, 0, 0, 64.5771987466, 0.449565576571, -64.5771987466, 65.1635142794, 0, -65.1635142794, 65.1635142794, -0.000434423428529, -64.5771987466, 3, 4, 3, 0, 0
7.8, 7.8, 0, 0.445779811363, 0.00697390017675, -0.00386814181128, 0.00558516215835, 0.00697390017675, 0.131092412527, 0.00558516215835, 0.121840941991, 0.131092412527, 0.00925147053608, 0.00697390017675, 0.00138873801841, 0.00138873801841, 0.00925147053608, 0.131092412527, 0, 0.445779811363, 0, 0, 0, -52.4369650109, -58.0221271692, 5.58516215835, 0.445779811363, 0.031194036335, -52.8070238323, -0.000352046825549, -0.000352046825549, 0.00925147053608, 0.449647953174, 0.224647953174, 0.00138873801841, 1, 1, 1, 1, 52.4369650109, 0.445779811363, -52.8070238323, 0, 0, 52.4369650109, 0.449647953174, -52.4369650109, 52.8070238323, 0, -52.8070238323, 52.8070238323, -0.000352046825549, -52.4369650109, 3, 4, 3, 0, 0
7.9, 7.9, 0, 0.447034757695, 0.0170457072291, -0.00278660408253, 0.0150865249208, 0.0170457072291, 0.0667813407929, 0.0150865249208, 0.064701416057, 0.0667813407929, 0.00207992473597, 0.0170457072291, 0.00195918230829, 0.00195918230829, 0.00207992473597, 0.0667813407929, 0, 0.447034757695, 0, 0, 0, -26.7125363172, -41.799061238, 15.0865249208, 0.447034757695, 0.227603234185, -26.7957333066, -0.000178638222044, -0.000178638222044, 0.00207992473597, 0.449821361778, 0.224821361778, 0.00195918230829, 1, 1, 1, 1, 26.7125363172, 0.447034757695, -26.7957333066, 0, 0, 26.7125363172, 0.449821361778, -26.7125363172, 26.7957333066, 0, -26.7957333066, 26.7957333066, -0.000178638222044, -26.7125363172, 3, 4, 3, 0, 0
8, 8, 0, 0.448950872109, 0.0200629739418, -0.00106531909424, 0.0182336628719, 0.0200629739418, -0.00563469114575, 0.0182336628719, -0.00126458935936, -0.00563469114575, -0.00437010178638, 0.0200629739418, 0.00182931106986, 0.00182931106986, -0.00437010178638, -0.00563469114575, 0, 0.448950872109, 0, 0, 0, 2.2538764583, -15.9797864136, 18.2336628719, 0.448950872109, 0.332466461726, 2.42868052975, 1.61912035317e-05, 1.61912035317e-05, -0.00437010178638, 0.450016191204, 0.225016191204, 0.00182931106986, 1, 1, 1, 1, -2.2538764583, 0.448950872109, 2.42868052975, 0, 0, -2.2538764583, 0.450016191204, 2.2538764583, -2.42868052975, 0, 2.42868052975, -2.42868052975, 1.61912035317e-05, 2.2538764583, 3, 4, 3, 0, 0
8.1, 8.1, 0, 0.450823811227, 0.0164405351766, 0.000654364188001, 0.0152702878115, 0.0164405351766, -0.0627143765787, 0.0152702878115, -0.0544317467928, -0.0627143765787, -0.00828262978594, 0.0164405351766, 0.00117024736513, 0.00117024736513, -0.00828262978594, -0.0627143765787, 0, 0.450823811227, 0, 0, 0, 25.0857506315, 9.81546282002, 15.2702878115, 0.450823811227, 0.233181689845, 25.4170558229, 0.00016944703882, 0.00016944703882, -0.00828262978594, 0.450169447039, 0.225169447039, 0.00117024736513, 1, 1, 1, 1, -25.0857506315, 0.450823811227, 25.4170558229, 0, 0, -25.0857506315, 0.450169447039, 25.0857506315, -25.4170558229, 0, 25.4170558229, -25.4170558229, 0.00016944703882, 25.0857506315, 3, 4, 3, 0, 0
8.2, 8.2, 0, 0.452094885336, 0.00852447945759, 0.00185231115036, 0.00824348223216, 0.00852447945759, -0.090070373719, 0.00824348223216, -0.0811209152348, -0.090070373719, -0.0089494584842, 0.00852447945759, 0.000280997225428, 0.000280997225428, -0.0089494584842, -0.090070373719, 0, 0.452094885336, 0, 0, 0, 36.0281494876, 27.7846672555, 8.24348223216, 0.452094885336, 0.0679549993119, 36.386127827, 0.000242574185513, 0.000242574185513, -0.0089494584842, 0.450242574186, 0.225242574186, 0.000280997225428, 1, 1, 1, 1, -36.0281494876, 0.452094885336, 36.386127827, 0, 0, -36.0281494876, 0.450242574186, 36.0281494876, -36.386127827, 0, 36.386127827, -36.386127827, 0.000242574185513, 36.0281494876, 3, 4, 3, 0, 0
8.3, 8.3, 0, 0.452492717222, -0.000481332629056, 0.00226419361683, 4.45103215949e-05, -0.000481332629056, -0.0850185364351, 4.45103215949e-05, -0.0782403796818, -0.0850185364351, -0.00677815675332, -0.000481332629056, -0.000525842950651, -0.000525842950651, -0.00677815675332, -0.0850185364351, 0, 0.452492717222, 0, 0, 0, 34.007414574, 33.9629042524, 0.0445103215949, 0.452492717222, 1.98116872848e-06, 34.2785408442, 0.000228523605628, 0.000228523605628, -0.00677815675332, 0.450228523606, 0.225228523606, -0.000525842950651, 1, 1, 1, 1, -34.007414574, 0.452492717222, 34.2785408442, 0, 0, -34.007414574, 0.450228523606, 34.007414574, -34.2785408442, 0, 34.2785408442, -34.2785408442, 0.000228523605628, 34.007414574, 3, 4, 3, 0, 0
8.4, 8.4, 0, 0.452061278036, -0.00764630347251, 0.00191332060552, -0.00662477273377, -0.00764630347251, -0.0551875908726, -0.00662477273377, -0.052223134865, -0.0551875908726, -0.00296445600753, -0.00764630347251, -0.00102153073874, -0.00102153073874, -0.00296445600753, -0.0551875908726, 0, 0.452061278036, 0, 0, 0, 22.075036349, 28.6998090828, -6.62477273377, 0.452061278036, 0.0438876137742, 22.1936145893, 0.000147957430596, 0.000147957430596, -0.00296445600753, 0.450147957431, 0.225147957431, -0.00102153073874, 1, 1, 1, 1, -22.075036349, 0.452061278036, 22.1936145893, 0, 0, -22.075036349, 0.450147957431, 22.075036349, -22.1936145893, 0, 22.1936145893, -22.1936145893, 0.000147957430596, 22.075036349, 3, 4, 3, 0, 0
8.5, 8.5, 0, 0.451087230593, -0.0111485422539, 0.00104944926141, -0.0100337578397, -0.0111485422539, -0.0142699527037, -0.0100337578397, -0.0152894878185, -0.0142699527037, 0.00101953511479, -0.0111485422539, -0.00111478441423, -0.00111478441423, 0.00101953511479, -0.0142699527037, 0, 0.451087230593, 0, 0, 0, 5.70798108147, 15.7417389212, -10.0337578397, 0.451087230593, 0.100676296386, 5.66719967688, 3.77813311792e-05, 3.77813311792e-05, 0.00101953511479, 0.450037781331, 0.225037781331, -0.00111478441423, 1, 1, 1, 1, -5.70798108147, 0.451087230593, 5.66719967688, 0, 0, -5.70798108147, 0.450037781331, 5.70798108147, -5.66719967688, 0, 5.66719967688, -5.66719967688, 3.77813311792e-05, 5.70798108147, 3, 4, 3, 0, 0
8.6, 8.6, 0, 0.449967493568, -0.0106175860352, 3.0582654089e-05, -0.00976433066504, -0.0106175860352, 0.0232639771343, -0.00976433066504, 0.0193196749655, 0.0232639771343, 0.00394430216881, -0.0106175860352, -0.000853255370146, -0.000853255370146, 0.00394430216881, 0.0232639771343, 0, 0.449967493568, 0, 0, 0, -9.30559085371, 0.458739811335, -9.76433066504, 0.449967493568, 0.0953421533363, -9.46336294046, -6.30890862697e-05, -6.30890862697e-05, 0.00394430216881, 0.449936910914, 0.224936910914, -0.000853255370146, 1, 1, 1, 1, 9.30559085371, 0.449967493568, -9.46336294046, 0, 0, 9.30559085371, 0.449936910914, -9.30559085371, 9.46336294046, 0, -9.46336294046, 9.46336294046, -6.30890862697e-05, -9.30559085371, 3, 4, 3, 0, 0
8.7, 8.7, 0, 0.449068364094, -0.00697330162845, -0.000805755252787, -0.00659045839854, -0.00697330162845, 0.0466919679759, -0.00659045839854, 0.0415591976078, 0.0466919679759, 0.0051327703681, -0.00697330162845, -0.000382843229905, -0.000382843229905, 0.0051327703681, 0.0466919679759, 0, 0.449068364094, 0, 0, 0, -18.6767871904, -12.0863287918, -6.59045839854, 0.449068364094, 0.043434141903, -18.8820980051, -0.000125880653367, -0.000125880653367, 0.0051327703681, 0.449874119347, 0.224874119347, -0.000382843229905, 1, 1, 1, 1, 18.6767871904, 0.449068364094, -18.8820980051, 0, 0, 18.6767871904, 0.449874119347, -18.6767871904, 18.8820980051, 0, -18.8820980051, 18.8820980051, -0.000125880653367, -18.6767871904, 3, 4, 3, 0, 0
8.8, 8.8, 0, 0.448620426465, -0.00190461459779, -0.0012408143201, -0.00201955917639, -0.00190461459779, 0.0515794349448, -0.00201955917639, 0.0470267293069, 0.0515794349448, 0.00455270563792, -0.00190461459779, 0.000114944578599, 0.000114944578599, 0.00455270563792, 0.0515794349448, 0, 0.448620426465, 0, 0, 0, -20.6317739779, -18.6122148015, -2.01955917639, 0.448620426465, 0.00407861926693, -20.8138822034, -0.00013875921469, -0.00013875921469, 0.00455270563792, 0.449861240785, 0.224861240785, 0.000114944578599, 1, 1, 1, 1, 20.6317739779, 0.448620426465, -20.8138822034, 0, 0, 20.6317739779, 0.449861240785, -20.6317739779, 20.8138822034, 0, -20.8138822034, 20.8138822034, -0.00013875921469, -20.6317739779, 3, 4, 3, 0, 0
8.9, 8.9, 0, 0.448674314238, 0.00278639700001, -0.00121846733215, 0.00230196121368, 0.00278639700001, 0.0399376219215, 0.00230196121368, 0.037244728204, 0.0399376219215, 0.00269289371749, 0.00278639700001, 0.000484435786334, 0.000484435786334, 0.00269289371749, 0.0399376219215, 0, 0.448674314238, 0, 0, 0, -15.9750487686, -18.2770099823, 2.30196121368, 0.448674314238, 0.00529902542927, -16.0827645173, -0.000107218430115, -0.000107218430115, 0.00269289371749, 0.44989278157, 0.22489278157, 0.000484435786334, 1, 1, 1, 1, 15.9750487686, 0.448674314238, -16.0827645173, 0, 0, 15.9750487686, 0.44989278157, -15.9750487686, 16.0827645173, 0, -16.0827645173, 16.0827645173, -0.000107218430115, -15.9750487686, 3, 4, 3, 0, 0
9, 9, 0, 0.44911926038, 0.00575115049523, -0.000831575049094, 0.00511349100364, 0.00575115049523, 0.0184003368319, 0.00511349100364, 0.0180365628869, 0.0184003368319, 0.000363773944992, 0.00575115049523, 0.000637659491589, 0.000637659491589, 0.000363773944992, 0.0184003368319, 0, 0.44911926038, 0, 0, 0, -7.36013473276, -12.4736257364, 5.11349100364, 0.44911926038, 0.0261477902443, -7.37468569056, -4.91645712704e-05, -4.91645712704e-05, 0.000363773944992, 0.449950835429, 0.224950835429, 0.000637659491589, 1, 1, 1, 1, 7.36013473276, 0.44911926038, -7.37468569056, 0, 0, 7.36013473276, 0.449950835429, -7.36013473276, 7.37468569056, 0, -7.37468569056, 7.37468569056, -4.91645712704e-05, -7.36013473276, 3, 4, 3, 0, 0
9.1, 9.1, 0, 0.449746998189, 0.00641733197386, -0.000265841406329, 0.00584834606588, 0.00641733197386, -0.00465181242737, 0.00584834606588, -0.00302145535771, -0.00465181242737, -0.00163035706966, 0.00641733197386, 0.000568985907979, 0.000568985907979, -0.00163035706966, -0.00465181242737, 0, 0.449746998189, 0, 0, 0, 1.86072497095, -3.98762109493, 5.84834606588, 0.449746998189, 0.0342031517063, 1.92593925374, 1.28395950249e-05, 1.28395950249e-05, -0.00163035706966, 0.450012839595, 0.225012839595, 0.000568985907979, 1, 1, 1, 1, -1.86072497095, 0.449746998189, 1.92593925374, 0, 0, -1.86072497095, 0.450012839595, 1.86072497095, -1.92593925374, 0, 1.92593925374, -1.92593925374, 1.28395950249e-05, 1.86072497095, 3, 4, 3, 0, 0
9.2, 9.2, 0, 0.45033314381, 0.00501599419197, 0.000273857119994, 0.00467490538772, 0.00501599419197, -0.0219569054691, 0.00467490538772, -0.0192008716807, -0.0219569054691, -0.00275603378835, 0.00501599419197, 0.000341088804251, 0.000341088804251, -0.00275603378835, -0.0219569054691, 0, 0.45033314381, 0, 0, 0, 8.78276218763, 4.10785679991, 4.67490538772, 0.45033314381, 0.0218547403841, 8.89300353917, 5.92866902611e-05, 5.92866902611e-05, -0.00275603378835, 0.45005928669, 0.22505928669, 0.000341088804251, 1, 1, 1, 1, -8.78276218763, 0.45033314381, 8.89300353917, 0, 0, -8.78276218763, 0.45005928669, 8.78276218763, -8.89300353917, 0, 8.89300353917, -8.89300353917, 5.92866902611e-05, 8.78276218763, 3, 4, 3, 0, 0
9.3, 9.3, 0, 0.450708135114, 0.00236040889097, 0.000629086841931, 0.00230755559941, 0.00236040889097, -0.0293596455709, 0.00230755559941, -0.0265250822714, -0.0293596455709, -0.00283456329951, 0.00236040889097, 5.28532915631e-05, 5.28532915631e-05, -0.00283456329951, -0.0293596455709, 0, 0.450708135114, 0, 0, 0, 11.7438582284, 9.43630262897, 2.30755559941, 0.450708135114, 0.00532481284436, 11.8572407604, 7.90482717357e-05, 7.90482717357e-05, -0.00283456329951, 0.450079048272, 0.225079048272, 5.28532915631e-05, 1, 1, 1, 1, -11.7438582284, 0.450708135114, 11.8572407604, 0, 0, -11.7438582284, 0.450079048272, 11.7438582284, -11.8572407604, 0, 11.8572407604, -11.8572407604, 7.90482717357e-05, 11.7438582284, 3, 4, 3, 0, 0
9.4, 9.4, 0, 0.450798232863, -0.000509644361526, 0.000727065670984, -0.000312488676889, -0.000509644361526, -0.0264837409697, -0.000312488676889, -0.0244441794226, -0.0264837409697, -0.00203956154713, -0.000509644361526, -0.000197155684637, -0.000197155684637, -0.00203956154713, -0.0264837409697, 0, 0.450798232863, 0, 0, 0, 10.5934963879, 10.9059850648, -0.312488676889, 0.450798232863, 9.76491731837e-05, 10.6750788498, 7.11671923317e-05, 7.11671923317e-05, -0.00203956154713, 0.450071167192, 0.225071167192, -0.000197155684637, 1, 1, 1, 1, -10.5934963879, 0.450798232863, 10.6750788498, 0, 0, -10.5934963879, 0.450071167192, 10.5934963879, -10.6750788498, 0, 10.6750788498, -10.6750788498, 7.11671923317e-05, 10.5934963879, 3, 4, 3, 0, 0
9.5, 9.5, 0, 0.450629798429, -0.00268522046601, 0.000586566893494, -0.00234474981936, -0.00268522046601, -0.0161343839576, -0.00234474981936, -0.0153599672253, -0.0161343839576, -0.000774416732326, -0.00268522046601, -0.000340470646651, -0.000340470646651, -0.000774416732326, -0.0161343839576, 0, 0.450629798429, 0, 0, 0, 6.45375358306, 8.79850340241, -2.34474981936, 0.450629798429, 0.00549785171537, 6.48473025235, 4.32315350157e-05, 4.32315350157e-05, -0.000774416732326, 0.450043231535, 0.225043231535, -0.000340470646651, 1, 1, 1, 1, -6.45375358306, 0.450629798429, 6.48473025235, 0, 0, -6.45375358306, 0.450043231535, 6.45375358306, -6.48473025235, 0, 6.48473025235, -6.48473025235, 4.32315350157e-05, 6.45375358306, 3, 4, 3, 0, 0
9.6, 9.6, 0, 0.450302469645, -0.00363864811246, 0.000294999755301, -0.00328499475103, -0.00363864811246, -0.00285000394623, -0.00328499475103, -0.00333795607543, -0.00285000394623, 0.000487952129202, -0.00363864811246, -0.000353653361435, -0.000353653361435, 0.000487952129202, -0.00285000394623, 0, 0.450302469645, 0, 0, 0, 1.14000157849, 4.42499632952, -3.28499475103, 0.450302469645, 0.0107911905143, 1.12048349332, 7.46988995548e-06, 7.46988995548e-06, 0.000487952129202, 0.45000746989, 0.22500746989, -0.000353653361435, 1, 1, 1, 1, -1.14000157849, 0.450302469645, 1.12048349332, 0, 0, -1.14000157849, 0.45000746989, 1.14000157849, -1.12048349332, 0, 1.12048349332, -1.12048349332, 7.46988995548e-06, 1.14000157849, 3, 4, 3, 0, 0
9.7, 9.7, 0, 0.449945216044, -0.0033114209268, -3.09634908604e-05, -0.00305414156529, -0.0033114209268, 0.00879648482049, -0.00305414156529, 0.00743458872085, 0.00879648482049, 0.00136189609964, -0.0033114209268, -0.00025727936151, -0.00025727936151, 0.00136189609964, 0.00879648482049, 0, 0.449945216044, 0, 0, 0, -3.5185939282, -0.464452362906, -3.05414156529, 0.449945216044, 0.00932778070083, -3.57306977218, -2.38204651479e-05, -2.38204651479e-05, 0.00136189609964, 0.449976179535, 0.224976179535, -0.00025727936151, 1, 1, 1, 1, 3.5185939282, 0.449945216044, -3.57306977218, 0, 0, 3.5185939282, 0.449976179535, -3.5185939282, 3.57306977218, 0, -3.57306977218, 3.57306977218, -2.38204651479e-05, -3.5185939282, 3, 4, 3, 0, 0
9.8, 9.8, 0, 0.44967178851, -0.00204362769412, -0.000286200733921, -0.00194243099686, -0.00204362769412, 0.0155886050142, -0.00194243099686, 0.0139343183764, 0.0155886050142, 0.0016542866378, -0.00204362769412, -0.000101196697255, -0.000101196697255, 0.0016542866378, 0.0155886050142, 0, 0.44967178851, 0, 0, 0, -6.23544200568, -4.29301100882, -1.94243099686, 0.44967178851, 0.00377303817757, -6.3016134712, -4.20107564746e-05, -4.20107564746e-05, 0.0016542866378, 0.449957989244, 0.224957989244, -0.000101196697255, 1, 1, 1, 1, 6.23544200568, 0.44967178851, -6.3016134712, 0, 0, 6.23544200568, 0.449957989244, -6.23544200568, 6.3016134712, 0, -6.3016134712, 6.3016134712, -4.20107564746e-05, -6.23544200568, 3, 4, 3, 0, 0
9.9, 9.9, 0, 0.449549157525, -0.000395995337011, -0.000406779387556, -0.000452013648702, -0.000395995337011, 0.0163842611551, -0.000452013648702, 0.0149902934309, 0.0163842611551, 0.00139396772419, -0.000395995337011, 5.60183116909e-05, 5.60183116909e-05, 0.00139396772419, 0.0163842611551, 0, 0.449549157525, 0, 0, 0, -6.55370446204, -6.10169081333, -0.452013648702, 0.449549157525, 0.000204316338613, -6.609463171, -4.40630878067e-05, -4.40630878067e-05, 0.00139396772419, 0.449955936912, 0.224955936912, 5.60183116909e-05, 1, 1, 1, 1, 6.55370446204, 0.449549157525, -6.609463171, 0, 0, 6.55370446204, 0.449955936912, -6.55370446204, 6.609463171, 0, -6.609463171, 6.609463171, -4.40630878067e-05, -6.55370446204, 3, 4, 3, 0, 0
10, 10, 0, 0.449586051061, 0.00106133757495, -0.000381552259268, 0.000894575121846, 0.00106133757495, 0.012071771918, 0.000894575121846, 0.0113019408248, 0.012071771918, 0.000769831093145, 0.00106133757495, 0.000166762453108, 0.000166762453108, 0.000769831093145, 0.012071771918, 0, 0.449586051061, 0, 0, 0, -4.82870876718, -5.72328388903, 0.894575121846, 0.449586051061, 0.000800264648627, -4.85950201091, -3.23966800727e-05, -3.23966800727e-05, 0.000769831093145, 0.44996760332, 0.22496760332, 0.000166762453108, 1, 1, 1, 1, 4.82870876718, 0.449586051061, -4.85950201091, 0, 0, 4.82870876718, 0.44996760332, -4.82870876718, 4.85950201091, 0, -4.85950201091, 4.85950201091, -3.23966800727e-05, -4.82870876718, 3, 4, 3, 0, 0
10, 10, 0, 0.449586051061, 0.00106133757495, -0.000381552259268, 0.000894575121847, 0.00106133757495, 0.012071771918, 0.000894575121847, 0.0113019408246, 0.012071771918, 0.000769831093366, 0.00106133757495, 0.000166762453108, 0.000166762453108, 0.000769831093366, 0.012071771918, 0, 0.449586051061, 0, 0, 0, -4.82870876718, -5.72328388903, 0.894575121847, 0.449586051061, 0.000800264648627, -4.85950201091, -3.23966800728e-05, -3.23966800728e-05, 0.000769831093366, 0.44996760332, 0.22496760332, 0.000166762453108, 1, 1, 1, 1, 4.82870876718, 0.449586051061, -4.85950201091, 0, 0, 4.82870876718, 0.44996760332, -4.82870876718, 4.85950201091, 0, -4.85950201091, 4.85950201091, -3.23966800728e-05, -4.82870876718, 3, 4, 3, 0, 0
10, 10, 0, 0.449586051061, 0.00106133757495, -0.000381552259268, 0.000894575121847, 0.00106133757495, 0.012071771918, 0.000894575121847, 0.0113019408246, 0.012071771918, 0.000769831093366, 0.00106133757495, 0.000166762453108, 0.000166762453108, 0.000769831093366, 0.012071771918, 0, 0.449586051061, 0, 0, 0, -4.82870876718, -5.72328388903, 0.894575121847, 0.449586051061, 0.000800264648627, -4.85950201091, -3.23966800728e-05, -3.23966800728e-05, 0.000769831093366, 0.44996760332, 0.22496760332, 0.000166762453108, 1, 1, 1, 1, 4.82870876718, 0.449586051061, -4.85950201091, 0, 0, 4.82870876718, 0.44996760332, -4.82870876718, 4.85950201091, 0, -4.85950201091, 4.85950201091, -3.23966800728e-05, -4.82870876718, 3, 4, 3, 0, 0
